{"start_simulation_time": "22-06-14 17:39:21", "end_simulation_time": "22-06-14 17:46:21", "created_transactions": 8000, "tx_propagation": {"sum": 2329568.115005493, "length": 5359680, "average": 0.43464686604526637}, "block_propagation": {"sum": 24828236090.59611, "length": 8424, "average": 2947321.473242653}}